"","ISO","Country","region_ar6_5","region_ar6_10","region_ar6_22","region_ar6_dev","defors_tech","defors_techcum","defors_tech_ha","defors_techden","defors_feas","defors_feascum","defors_feas_ha","defors_feasden","deforb_tech","deforb_techcum","deforb_tech_ha","deforb_techden","deforb_feas","deforb_feascum","deforb_feas_ha","deforb_feasden","defor_tech","defor_techmin","defor_techmax","defor_techcum","defor_tech_ha","defor_techden","defor_feas","defor_feasmin","defor_feasmax","defor_feascum","defor_feas_ha","defor_feasden","ars_tech","ars_techcum","ars_tech_ha","ars_techden","ars_feas","ars_feascum","ars_feas_ha","ars_feasden","refor_tech","refor_techcum","refor_tech_ha","refor_techden","refor_feas","refor_feascum","refor_feas_ha","refor_feasden","ar_tech","ar_techmin","ar_techmax","ar_techcum","ar_tech_ha","ar_techden","ar_feas","ar_feasmin","ar_feasmax","ar_feascum","ar_feas_ha","ar_feasden","formgmts_tech","formgmts_techcum","formgmts_tech_ha","formgmts_techden","formgmts_feas","formgmts_feascum","formgmts_feas_ha","formgmts_feasden","formgmtg_tech","formgmtg_techcum","formgmtg_tech_ha","formgmtg_techden","formgmtg_feas","formgmtg_feascum","formgmtg_feas_ha","formgmtg_feasden","formgmt_tech","formgmt_tech.1","formgmt_tech.2","formgmt_techcum","formgmt_tech_ha","formgmt_techden","formgmt_feas","formgmt_feas.1","formgmt_feas.2","formgmt_feascum","formgmt_feas_ha","formgmt_feasden","gfire_tech","gfire_techcum","gfire_tech_ha","gfire_techden","gfire_feas","gfire_feascum","gfire_feas_ha","gfire_feasden","peat_tech","peat_techcum","peat_tech_ha","peat_techden","peat_feas","peat_feascum","peat_feas_ha","peat_feasden","peatrest_tech","peatrest_techcum","peatrest_tech_ha","peatrest_techden","peatrest_feas","peatrest_feascum","peatrest_feas_ha","peatrest_feasden","mangrove_tech","mangrove_techcum","mangrove_tech_ha","mangrove_techden","mangrove_feas","mangrove_feascum","mangrove_feas_ha","mangrove_feasden","mangrest_tech","mangrest_techcum","mangrest_tech_ha","mangrest_techden","mangrest_feas","mangrest_feascum","mangrest_feas_ha","mangrest_feasden","totforest_p_tech","totforest_p_techmin","totforest_p_techmax","totforest_p_feas","totforest_p_feasmin","totforest_p_feasmax","totforest_m_tech","totforest_m_techmin","totforest_m_techmax","totforest_m_feas","totforest_m_feasmin","totforest_m_feasmax","totforest_r_tech","totforest_r_techmin","totforest_r_techmax","totforest_r_feas","totforest_r_feasmin","totforest_r_feasmax","totforest_tech","totforest_techmin","totforest_techmax","totforest_feas","totforest_feasmin","totforest_feasmax","enteric_tech","enteric_techcum","enteric_tech_animal","enteric_techint","enteric_feas","enteric_feascum","enteric_feas_animal","enteric_feasint","manure_tech","manure_techcum","manure_tech_animal","manure_techint","manure_feas","manure_feascum","manure_feas_animal","manure_feasint","riceg_tech","riceg_techcum","riceg_tech_ha","riceg_techden","riceg_feas","riceg_feascum","riceg_feas_ha","riceg_feasden","riceb_tech","riceb_techcum","riceb_tech_ha","riceb_techden","riceb_feas","riceb_feascum","riceb_feas_ha","riceb_feasden","rice_tech","rice_techmin","rice_techmax","rice_techcum","rice_tech_ha","rice_techden","rice_feas","rice_feasmin","rice_feasmax","rice_feascum","rice_feas_ha","rice_feasden","nutrientg_tech","nutrientg_techcum","nutrientg_tech_ha","nutrientg_techden","nutrientg_feas","nutrientg_feascum","nutrientg_feas_ha","nutrientg_feasden","nutrientb_tech","nutrientb_techcum","nutrientb_tech_ha","nutrientb_techden","nutrientb_feas","nutrientb_feascum","nutrientb_feas_ha","nutrientb_feasden","nutrient_tech","nutrient_techmin","nutrient_techmax","nutrient_techcum","nutrient_tech_ha","nutrient_techden","nutrient_feas","nutrient_feasmin","nutrient_feasmax","nutrient_feascum","nutrient_feas_ha","nutrient_feasden","scscrop_tech","scscrop_techcum","scscrop_tech_ha","scscrop_techden","scscrop_feas","scscrop_feascum","scscrop_feas_ha","scscrop_feasden","scsgrass_tech","scsgrass_techcum","scsgrass_tech_ha","scsgrass_techden","scsgrass_feas","scsgrass_feascum","scsgrass_feas_ha","scsgrass_feasden","agrofor_tech","agrofor_techcum","agrofor_tech_ha","agrofor_techden","agrofor_feas","agrofor_feascum","agrofor_feas_ha","agrofor_feasden","biochar_tech","biochar_techcum","biochar_tech_ha","biochar_techden","biochar_feas","biochar_feascum","biochar_feas_ha","biochar_feasden","totag_re_tech","totag_re_techmin","totag_re_techmax","totag_re_feas","totag_re_feasmin","totag_re_feasmax","totag_sc_tech","totag_sc_techmin","totag_sc_techmax","totag_sc_feas","totag_sc_feasmin","totag_sc_feasmax","totag_tech","totag_techmin","totag_techmax","totag_feas","totag_feasmin","totag_feasmax","beccs_tech","beccs_techcum","beccs_tech_ha","beccs_techden","beccs_feas","beccs_feascum","beccs_feas_ha","beccs_feasden","foodw_tech","foodw_techcum","foodw_feas","foodw_feascum","diet_tech","diet_techcum","diet_feas","diet_feascum","ccook_tech","ccook_techcum","ccook_feas","ccook_feascum","totdem_tech","totdem_techmin","totdem_techmax","totdem_feas","totdem_feasmin","totdem_feasmax","tot_tech","tot_techmin","tot_techmax","tot_feas","tot_feasmin","tot_feasmax","tot_techcum","tot_feascum","tot_tech_den","tot_tech_denmin","tot_tech_denmax","tot_feas_den","tot_feas_denmin","tot_feas_denmax","tot_feas_percent_emis","tot_feas_percent_AFOLU","tot_emissions","AFOLU_emissions","Commodity","Forestry","Shifting_ag","Unknown","Urbanization","Wildfire","Enteric","Manure_mgmt","Rice","Syn_fert","Manure_soils","Manure_pasture","Crop_residues","Cultivation_orgsoils","Burning_cropresidues","Burning_savanna","tot_area_ha","tot_agarea_ha","tot_forestarea_ha","tot_plantedforarea_ha","tot_primforarea_ha","roe","Economy","Region","Income group","Lending category","Other (EMU or HIPC)","Region2"
"11","ARG","Argentina","Latin America and Caribbean","Latin America and Caribbean","South America","developing",86.33237471,2589.971241,628117.2255,137.4462779,50.54598043,1516.379413,450421.0872,112.2193917,9.873794433,296.213833,32243.33333,306.2274713,3.802675533,114.080266,11073.33333,343.4083865,48.10308457,9.873794433,86.33237471,1443.092537,330180.2794,221.8368746,27.17432798,3.802675533,50.54598043,815.2298395,230747.2103,227.8138891,43.79665316,1313.899595,222191.5166,197.1121752,1.098083649,32.94250946,8317.332239,132.0235404,12.72055567,381.61667,67410,188.7042823,1.3673446,41.020338,7963.333333,171.7050565,28.25860441,12.72055567,43.79665316,847.7581323,144800.7583,192.9082287,1.232714124,1.098083649,1.3673446,36.98142373,8140.332786,151.8642984,17.00434059,510.1302177,467532.1411,36.37042054,7.754910159,232.6473048,394758.5206,19.64469354,3.07694568,92.3083704,0,0,1.846167408,55.38502224,0,0,10.04064313,3.07694568,17.00434059,301.219294,467532.1411,36.37042054,4.800538783,1.846167408,7.754910159,144.0161635,394758.5206,19.64469354,0.16,4.8,143622.76,1.114029559,0.048,1.44,43086.828,1.114029559,4.1151,123.453,71000,1738.774648,0,0,0,NA,0.9509,28.527,18500,1542,0.0138,0.414,900,460,NA,NA,0,NA,NA,NA,NA,NA,NA,NA,0,NA,NA,NA,NA,NA,52.21818457,13.98889443,90.44747471,27.17432798,3.802675533,50.54598043,10.20064313,3.23694568,17.16434059,4.848538783,1.894167408,7.802910159,29.20950441,13.67145567,44.74755316,1.246514124,1.111883649,1.3811446,91.62833212,30.89729578,152.3593685,33.26938089,6.80872659,59.73003519,4.238526,130.036688,36546657.84,0.115975749,2.393481,51.023182,36042642.69,0.066406923,0.055327,1.728896,1778532.864,0.031108225,0.011095445,0.349317009,60919.22641,0.182133711,0.34,10.2,204100,49.9755022,0.204,6.12,122460,49.9755022,0.868281,28.05188915,284008.966,98.77113934,0.683395003,22.06536817,210019.5,105.0634259,0.6041405,0.34,0.868281,19.12594458,244054.483,74.37332077,0.443697501,0.204,0.683395003,14.09268409,166239.75,77.51946405,0,0,0,NA,0,0,0,NA,0.474953321,15.76562661,21968837.98,0.717635891,0.08755558,2.578473755,9259421.157,0.278470296,0.474953321,0.474953321,0.474953321,15.76562661,21968837.98,0.717635891,0.08755558,0.08755558,0.08755558,2.578473755,9259421.157,0.278470296,11.14680952,334.4042856,28461216.12,11.74947284,10.03212857,300.9638571,25615094.5,11.74947284,37.22100762,1116.630228,94366998.33,11.83284674,22.33260457,669.9781371,56620199,11.83284674,140.3669029,4211.007087,132905803.1,31.68414763,28.07338059,842.2014177,26581160.63,31.68414764,94.03841161,2821.152348,34344975.38,82.14163258,74.52687756,2235.806327,26961466.93,82.92598961,5.372946821,5.108806321,5.637087321,2.935829526,2.696132025,3.175527027,282.7731316,282.7731316,282.7731316,134.9649913,134.9649913,134.9649913,288.1460785,287.881938,288.410219,137.9008208,137.6611233,138.1405183,156.0192006,4680.576019,48299385.99,96.90756774,"105.5544872",3166.634617,32676855.8,96.90756774,24.16526425,724.9579276,11.80897126,354.2691377,63.58674241,1907.602272,37.41197088,1122.359126,2.13,63.9,0.639,19.17,87.75200666,87.75200666,87.75200666,49.22094213,49.22094213,49.22094213,467.5264172,406.5312404,528.5215941,220.3911438,193.690792,247.0914956,14025.79252,6611.734315,1.708364547,1.485485168,1.931243926,0.80532009,0.70775569,0.902884491,58.25367207,128.7676884,378.3300451,171.1540733,22.35123035,5.159971199,6.407041133,0.741878589,0.027941286,0.10040831,65.43636322,2.01016714,1.31750808,5.26845212,1.54132582,26.70393558,7.61822516,1.1486775,0.5712539,2.24776478,273669000,148768000,28791000,1375000,1738000,NA,"Argentina","LCR","Middle income","IBRD",NA,"Latin America & Caribbean"
"16","AUS","Australia","Developed Countries","Asia-Pacific Developed","Australia & New Zealand","developed",0,0,0,NA,0,0,0,NA,0.052061367,1.561841,60,867.6894444,0.038119133,1.143574,40,952.9783333,0.052061367,0.052061367,0.052061367,1.561841,60,0,0.038119133,0.038119133,0.038119133,1.143574,40,0,120.7099796,3621.299388,552048.262,218.6583817,8.451844606,253.5553382,15447.03377,547.150005,0.019059867,0.571796,80,238.2483333,0.003585033,0.107551,20,179.2516667,60.36451973,0.019059867,120.7099796,1810.935592,276064.131,228.4533575,4.22771482,0.003585033,8.451844606,126.8314446,7733.516886,363.2008358,40.78461739,1223.538522,2389270.682,17.06990242,6.483458098,194.5037429,1904369.019,3.404517734,60.34923095,1810.476929,0,0,36.20953857,1086.286157,0,0,50.56692417,40.78461739,60.34923095,1517.007725,2389270.682,17.06990242,21.34649833,6.483458098,36.20953857,640.39495,1904369.019,3.404517734,6.87,206.1,1223386.43,5.615560081,2.061,61.83,367015.929,5.615560081,6.2273,186.819,147900,1263.144016,2.1539,64.617,62000,1042.209677,9.6914,290.742,187000,1554.770053,2e-04,0.006,0,NA,2.700028674,81.00086022,2109.3345,1280.03817,2.430025807,72.9007742,1898.40105,1280.03817,0.789309008,23.67927025,33635.32706,704,0.236792703,7.103781075,10090.59812,704,8.979390041,8.979390041,8.979390041,4.62204494,4.62204494,4.62204494,57.43692417,47.65461739,67.21923095,23.40749833,8.544458098,38.27053857,70.84522873,10.49976888,131.1906886,4.464707522,0.240577736,8.688837308,137.2615429,67.13377631,207.3893096,32.4942508,13.40708077,51.58142082,5.500324,168.70072,43319980.98,0.126969677,2.787646,52.070127,41567387.17,0.067063296,1.084734,32.800554,4013247.877,0.270288313,0.321806521,9.709934873,900790.3213,0.357249088,0.28,8.4,82204,102.1848085,0.168,5.04,49322.4,102.1848085,0.955993002,29.78959299,195050.096,152.7279074,0.735250002,22.49043598,124122.7881,181.1950596,0.617996501,0.28,0.955993002,19.0947965,138627.048,127.4563579,0.451625001,0.168,0.735250002,13.76521799,86722.59403,141.6899341,0.308037397,9.241121916,31306000,0.295186926,0.277233657,8.317009724,28175400,0.295186926,0.199155549,7.045398758,12529972.62,0.562283651,0.059705986,1.67449462,4782728.464,0.350112835,0.253596473,0.199155549,0.308037397,8.143260337,21917986.31,0.428735289,0.168469822,0.059705986,0.277233657,4.995752172,16479064.23,0.322649881,6.806693472,204.2008042,34121485.01,5.984522776,6.126024125,183.7807237,30709336.5,5.984522776,54.97711557,1649.313467,190566404.3,8.654796597,32.98626934,989.5880802,114339842.6,8.654796597,498.2642524,14947.92757,325640792,45.9031176,99.65285048,2989.585514,65128158.41,45.9031176,23.70433199,711.1299597,15408697.42,46.15120541,18.43515393,553.0546179,12010670.18,46.04694072,7.456650974,7.064213549,7.849088399,3.729547344,3.337158507,4.121936181,583.7523934,583.7523934,583.7523934,157.2002979,157.2002979,157.2002979,591.2090444,590.816607,591.6014818,160.9298452,160.5374564,161.3222341,231.9780525,6959.341574,123068372.3,56.54857898,"82.7835244",2483.505732,43918092.67,56.54857898,7.996995846,239.9098754,4.0063254,120.189762,21.04272105,631.2816316,12.692429,380.7728699,0,0,0,0,29.0397169,29.0397169,29.0397169,16.6987544,16.6987544,16.6987544,757.5103043,686.9901002,828.0305083,210.1228504,190.6432916,229.6024093,22725.30913,6303.685512,0.984800227,0.893120533,1.076479921,0.273169922,0.247845548,0.298494296,34.98587278,113.8008794,600.5934217,184.6407968,3.222746629,31.25671482,0.277973576,3.880830738,1.571941534,22.96196063,48.13851958,5.03134254,0.48795256,7.4766548,1.0438457,28.4044886,3.08908876,0.4673671,0.413677,42.36211478,769202000,358895000,134005100,2390300,5039000,NA,"Australia","EAP","High income",NA,NA,"East Asia & Pacific_HIC"
"33","BOL","Bolivia","Latin America and Caribbean","Latin America and Caribbean","South America","developing",143.2550919,4297.652756,1042262.432,137.4462779,83.87315992,2516.194797,747403.4444,112.2193917,387.6095213,11628.28564,623023.3333,622.1428645,257.6345727,7729.037182,354933.3333,725.8675039,265.4323066,143.2550919,387.6095213,7962.969197,832642.8827,379.7945712,170.7538663,83.87315992,257.6345727,5122.61599,551168.3889,419.0434478,72.67370546,2180.211164,368692.1185,197.1121752,1.822098309,54.66294926,13801.31379,132.0235404,202.0612028,6061.836084,1030573.333,196.0667875,24.6011027,738.033081,140030,175.6845155,137.3674541,72.67370546,202.0612028,4121.023624,699632.7259,196.5894814,13.2116005,1.822098309,24.6011027,396.3480151,76915.6569,153.8540279,1.046158716,31.38476148,775796.5658,1.348496194,0.516786204,15.50358612,655040.1088,0.788938261,1.53,45.9,0,0,1.11,33.3,0,0,1.288079358,1.046158716,1.53,38.64238074,775796.5658,1.348496194,0.813393102,0.516786204,1.11,24.40179306,655040.1088,0.788938261,2.56,76.8,130828.719,19.56756911,0.768,23.04,39248.6157,19.56756911,0.2583,7.749,6100,1270.327869,0.3385,10.155,8100,1253.703704,0.0619,1.857,1500,1238,0.0146,0.438,300,1460,NA,NA,0,NA,NA,NA,NA,NA,NA,NA,0,NA,NA,NA,NA,NA,265.6906066,143.5133919,387.8678213,171.0923663,84.21165992,257.9730727,3.848079358,3.606158716,4.09,1.581393102,1.284786204,1.878,137.4293541,72.73560546,202.1231028,13.2262005,1.836698309,24.6157027,406.96804,219.855156,594.0809241,185.8999599,87.33314443,284.4667754,0.698944,22.314359,6163698.916,0.113396843,0.620302,11.855488,6129485.064,0.101199692,0.043669,1.359474,334695.4203,0.13047385,0.018557948,0.577233406,70785.38442,0.262172027,0.38,11.4,172824,65.96306069,0.228,6.84,103694.4,65.96306069,0.392202001,11.76702002,223643.167,52.61515553,0.389263001,11.60433801,186775.9716,62.12971571,0.386101,0.38,0.392202001,11.58351001,198233.5835,59.28910811,0.3086315,0.228,0.389263001,9.222169007,145235.1858,64.0463882,0.014482878,0.434486336,4727000,0.091915874,0.01303459,0.391037702,4254300,0.091915874,0.045965853,1.346240358,923491.5532,1.457772249,0.01669252,0.424103355,216675.8191,1.957317418,0.030224366,0.014482878,0.045965853,0.890363347,2825245.777,0.774844061,0.014863555,0.01303459,0.01669252,0.407570529,2235487.91,1.024616646,2.038918542,61.16755626,2281238.824,26.81330671,1.835026688,55.05080063,2053114.941,26.81330671,11.73891983,352.167595,12224761.32,28.80772769,7.0433519,211.300557,7334856.789,28.80772769,15.56648269,466.9944807,15109621.87,30.9070925,3.113296537,93.39889611,3021924.373,30.90709249,7.126770034,213.803101,2963858.492,72.13674391,5.470907324,164.1272197,2122962.877,77.31045206,1.158938366,1.137095878,1.180780854,0.962355003,0.879894538,1.044815468,36.4710911,36.4710911,36.4710911,17.46258245,17.46258245,17.46258245,37.63002947,37.60818698,37.65187195,18.42493745,18.34247699,18.50739792,25.35881381,760.7644142,6032498.5,126.1109993,"5.792802188",173.7840656,1378024.649,126.1109993,1.949727562,58.49182685,1.002257239,30.06771718,5.130373205,153.9111962,3.175248532,95.25745597,0.41,12.3,0.123,3.69,7.080100767,7.080100767,7.080100767,4.177505772,4.177505772,4.177505772,451.6781703,264.5434438,638.8128968,208.5024032,109.8531272,307.1516791,13550.34511,6255.072095,4.169465248,2.44201462,5.896915875,1.924696789,1.014060068,2.83533351,202.6519171,260.1288692,102.8869631,80.15350384,62.86769681,0.648163596,26.62392323,3.311805881,0,0.31859665,14.08183196,0.85161738,0.24822696,0.13593772,0.66598404,6.12748296,0.45538188,0,0.05465602,1.36838492,108330000,37727000,51253240,62600,36164000,NA,"Bolivia","LCR","Middle income","IBRD","HIPC","Latin America & Caribbean"
"34","BRA","Brazil","Latin America and Caribbean","Latin America and Caribbean","South America","developing",933.075114,27992.25342,4477469.968,208.393383,326.1503874,9784.511621,2579516.278,126.4385847,1922.949154,57688.47463,4454113.333,431.7243434,1150.730827,34521.92482,1829866.667,628.8604783,1428.012134,933.075114,1922.949154,42840.36403,4465791.651,320.0588632,738.4406073,326.1503874,1150.730827,22153.21822,2204691.472,377.6495315,1479.243395,44377.30186,4944024.719,299.1982199,304.6066135,9138.198404,1698507.407,179.3378187,2007.536585,60226.09754,9884700,203.0953478,244.1737533,7325.212599,1336266.667,182.7283127,1743.38999,1479.243395,2007.536585,52301.6997,7414362.36,251.1467839,274.3901834,244.1737533,304.6066135,8231.705502,1517387.037,181.0330657,281.2570609,8437.711827,7181904.762,39.16190345,113.8684137,3416.052412,5821083.333,19.56137839,4.48,134.4,0,0,3.41,102.3,0,0,142.8685304,4.48,281.2570609,4286.055913,7181904.762,39.16190345,58.63920687,3.41,113.8684137,1759.176206,5821083.333,19.56137839,9.21,276.3,2058746.71,4.473595492,2.763,82.89,617624.013,4.473595492,6.1186,183.558,107000,1715.495327,0,0,0,NA,14.0407,421.221,300300,1402.667333,4.567,137.01,107600,1273.327138,3.885917096,116.5775129,3060.9135,1269.528556,3.497325386,104.9197616,2754.82215,1269.528556,1.151770852,34.55312557,49081.14428,704,0.345531256,10.36593767,14724.34328,704,1438.016651,943.0796311,1932.953672,741.9379327,329.6477128,1154.228153,152.0785304,13.69,290.4670609,61.40220687,6.173,116.6314137,1758.582461,1494.435866,2022.729056,279.3027146,249.0862846,309.5191447,3348.677643,2451.205497,4246.149788,1082.642854,584.9069973,1580.378711,14.021569,422.917888,120551702.3,0.116311663,8.142071,173.070415,116897855.8,0.069651158,1.465079,44.690675,17676889.96,0.082881039,0.615694929,18.95727752,1373663.291,0.448213862,4.38,131.4,2008117,65.43443435,2.628,78.84,1204870.2,65.43443435,5.209833968,154.6145687,2363134.671,65.42774332,4.577395977,135.5136577,1581072.61,85.70995211,4.794916984,4.38,5.209833968,143.0072843,2185625.836,65.43108883,3.602697989,2.628,4.577395977,107.1768289,1392971.405,75.57219323,10.92710931,327.8132793,63518000,5.160950901,9.83439838,295.0319514,57166200,5.160950901,3.970584516,120.1337792,47254127.31,2.542291775,0.417437439,14.68530914,21052246.44,0.697564946,7.448846914,3.970584516,10.92710931,223.9735293,55386063.65,3.851621338,5.125917909,0.417437439,9.83439838,154.8586303,39109223.22,2.929257923,66.91198594,2007.359578,55179202.45,36.37891613,60.22078734,1806.62362,49661282.21,36.37891613,107.3740103,3221.22031,135180419.4,23.8290451,64.42440619,1932.732186,81108251.63,23.8290451,278.8945608,8366.836824,187879358.3,44.53302853,55.77891217,1673.367365,37575871.66,44.53302854,329.9373762,9898.121286,67837780.11,145.9086849,255.9582236,7678.746708,50871197.15,150.9448792,27.7304119,23.83723252,31.62359128,17.48638183,11.80320337,23.16956029,783.1179333,783.1179333,783.1179333,436.3823293,436.3823293,436.3823293,810.8483452,806.9551658,814.7415245,453.8687111,448.1855327,459.5518896,156.956512,4708.695359,36504114.33,128.9908123,"83.68202894",2510.460868,19462323.12,128.9908123,61.80013404,1854.004021,30.7233161,921.6994829,162.6164383,4878.493149,97.33445719,2920.033716,25.12,753.6,7.536,226.08,224.4165724,224.4165724,224.4165724,128.0577733,128.0577733,128.0577733,4383.94256,3482.577235,5285.307885,1664.569339,1161.150303,2167.988374,131518.2768,49937.08016,5.245117407,4.166689282,6.323545532,1.991554746,1.38924486,2.593864633,99.80148798,141.6801572,1667.880281,1174.878241,711.7113629,82.81125312,289.3167265,29.7265544,0.997890183,1.120099657,266.9847,11.09558298,2.9423518,27.91612722,11.74312774,104.9322064,12.88098844,0.10824692,1.91645914,9.84245044,835814000,236878801,499051400,10503300,202691000,NA,"Brazil","LCR","Middle income","IBRD",NA,"Latin America & Caribbean"
"41","CAN","Canada","Developed Countries","North America","USA & Canada","developed",0,0,0,NA,0,0,0,NA,0,0,0,NA,0,0,0,NA,0,0,0,0,0,NA,0,0,0,0,0,NA,790.8767601,23726.3028,8769333.333,90.1866459,101.719181,3051.575429,1271440.476,80.0031011,0,0,0,NA,0,0,0,NA,790.8767601,790.8767601,790.8767601,23726.3028,8769333.333,90.1866459,101.719181,101.719181,101.719181,3051.575429,1271440.476,80.0031011,171.0931703,5132.795109,10166309.52,16.82942762,30.11012446,903.3037337,6485720.238,4.642525942,127.8562301,3835.686902,0,0,76.71373805,2301.412141,0,0,149.4747002,127.8562301,171.0931703,4484.241006,10166309.52,16.82942762,53.41193125,30.11012446,76.71373805,1602.357938,6485720.238,4.642525942,0,0,0,NA,0,0,NA,NA,199.0795,5972.385,5207600,1146.859398,134.815,4044.45,3501900,1154.930181,24.9238,747.714,1025200,729.3347639,23.3749,701.247,828500,846.4055522,NA,NA,0,NA,NA,NA,NA,NA,NA,NA,0,NA,NA,NA,NA,NA,199.0795,199.0795,199.0795,134.815,134.815,134.815,149.4747002,127.8562301,171.0931703,53.41193125,30.11012446,76.71373805,815.8005601,815.8005601,815.8005601,125.094081,125.094081,125.094081,1164.35476,1142.73629,1185.97323,313.3210122,290.0192054,336.622819,3.939832,121.156382,19700643.11,0.199984944,0.805425,28.929386,14350532.02,0.056125097,3.066588,93.801612,6054978.79,0.506457265,1.902830662,58.14197589,3686864.776,0.516110782,0,0,0,NA,0,0,0,NA,NA,NA,0,NA,NA,NA,0,NA,NA,0,0,NA,NA,NA,NA,0,0,NA,NA,NA,2.741916423,82.2574927,38857000,2.116928551,2.467724781,74.03174343,34971300,2.116928551,1.02646417,30.67090003,12082106.09,2.538539207,0.518289393,16.28236035,5570130.378,2.923156056,1.884190297,1.02646417,2.741916423,56.46419637,25469553.05,2.327733879,1.493007087,0.518289393,2.467724781,45.15705189,20270715.19,2.520042304,27.6351715,829.0551451,37157884,22.31168882,24.87165435,746.1496306,33442095.6,22.31168882,12.70205543,381.0616628,11015196.68,34.59417691,7.621233256,228.6369977,6609118.011,34.59417691,44.75975038,1342.792511,56735261.78,23.66768865,8.951950076,268.5585023,11347052.36,23.66768865,35.09361353,1052.808406,24594108.29,42.80734204,27.5607532,826.822596,19292321.51,42.85759987,8.890610297,8.03288417,9.748336423,4.201262749,3.226545055,5.175980443,120.1905908,120.1905908,120.1905908,69.00559088,69.00559088,69.00559088,129.0812011,128.223475,129.9389273,73.20685363,72.23213594,74.18157133,8.813635416,264.4090625,7941732.954,33.29362294,"1.572662078",47.17986234,1417084.059,33.29362294,7.017766354,210.5329906,3.605652442,108.1695732,18.46604683,553.981405,11.42305805,342.6917415,0,0,0,0,25.48381319,25.48381319,25.48381319,15.02871049,15.02871049,15.02871049,1318.919775,1296.443578,1341.395971,401.5565763,377.2800518,425.8331008,39567.59324,12046.69729,1.471090887,1.446021487,1.496160287,0.447886393,0.42080895,0.474963835,62.17485571,652.1767372,645.8504354,61.57174174,1.280631216,201.4466088,0.005940158,13.75103788,1.006481996,132.9483768,15.35696088,6.19633322,0,16.15855294,1.65677666,4.87966388,4.58139878,5.02647014,0.40445554,0.8172768,896559000,58199000,347002070,17309060,205924000,NA,"Canada","NAR","High income",NA,NA,"North America"
"45","CHN","China","Asia and developing Pacific","Eastern Asia","Eastern Asia","developing",0,0,0,NA,0,0,0,NA,76.44884677,2293.465403,213450,358.1581015,31.7851725,953.555175,76280,416.6907774,76.44884677,76.44884677,76.44884677,2293.465403,213450,358.1581015,31.7851725,31.7851725,31.7851725,953.555175,76280,416.6907774,402.6346669,12079.04001,5860750.575,68.70018809,20.31265519,609.3796557,563436.9254,36.05133826,127.9696604,3839.089812,527260,242.7069385,18.3740772,551.222316,93593.33333,196.3182264,265.3021636,127.9696604,402.6346669,7959.064909,3194005.288,155.7035633,19.34336619,18.3740772,20.31265519,580.3009858,328515.1294,116.1847823,330.3591983,9910.77595,7218193.533,45.76757284,65.4120161,1962.360483,4847126.681,13.49500857,35.27212851,1058.163855,0,0,21.16327711,634.8983133,0,0,182.8156634,35.27212851,330.3591983,5484.469903,7218193.533,45.76757284,43.28764661,21.16327711,65.4120161,1298.629398,4847126.681,13.49500857,0,0,0,NA,0,0,NA,NA,7.975,239.25,214800,1113.826816,0,0,0,NA,54.8994,1646.982,2002000,822.6683317,16.6249,498.747,546300,912.9544206,0.062376781,1.871303434,62.411,999.4517172,0.056139103,1.68417309,56.1699,999.4517172,0.015043729,0.451311865,641.06799,704,0.004513119,0.135393559,192.320397,704,84.48622355,84.48622355,84.48622355,31.8413116,31.8413116,31.8413116,182.8156634,35.27212851,330.3591983,43.28764661,21.16327711,65.4120161,320.2166074,182.8841041,457.5491106,35.97277931,35.00349032,36.94206831,587.5184943,302.6424562,872.3945325,111.1017375,88.00807903,134.195396,17.621861,541.145544,93937630.81,0.187591073,10.553529,193.269282,81443452.16,0.129581062,22.468725,659.858278,27891278.13,0.80558248,19.67351144,571.1169878,21942842.36,0.896579901,51.42,1542.6,31035082,49.70504025,30.852,925.56,18621049.2,49.70504025,25.50720418,787.0617708,26290642.93,29.93695411,19.07788633,593.9632399,18945592.37,31.3509986,38.46360209,25.50720418,51.42,1164.830885,28662862.47,39.82099718,24.96494317,19.07788633,30.852,759.76162,18783320.79,40.52801942,212.919054,6387.571619,134900000,47.35041971,191.6271486,5748.814457,121410000,47.35041971,11.30511044,364.7193067,50513328.4,7.220258855,10.52532322,341.6937805,29115747.72,11.73570343,112.1120822,11.30511044,212.919054,3376.145463,92706664.2,27.28533928,101.0762359,10.52532322,191.6271486,3045.254119,75262873.86,29.54306157,148.2815195,4448.445586,171497539.1,25.93883043,133.4533676,4003.601027,154347785.2,25.93883043,162.3455177,4870.36553,164552700.1,29.59760325,97.40731061,2922.219318,98731620.05,29.59760325,675.104152,20253.12456,358930728.6,56.42627656,135.0208304,4050.624912,71786145.72,56.42627656,421.7641904,12652.92571,96195483.07,131.5334703,329.3934065,9881.802195,72760505.86,135.8127198,190.6662703,76.90290061,304.42964,156.2682195,59.83024999,252.706189,1407.49538,1407.49538,1407.49538,695.2749151,695.2749151,695.2749151,1598.16165,1484.39828,1711.92502,851.5431346,755.1051651,947.9811041,247.0675403,7412.02621,61069370.45,121.3706012,"10.77362275",323.2086825,2662989.877,121.3706012,230.0998118,6902.994354,115.2805588,3458.416763,605.4681342,18164.04403,365.2200361,10956.60108,65.2,1956,19.56,586.8,835.567946,835.567946,835.567946,480.5005948,480.5005948,480.5005948,3021.24809,2622.608682,3419.887498,1443.145467,1323.613839,1562.677095,90637.44271,43294.36401,3.21813007,2.793513015,3.642747124,1.537189163,1.409868163,1.664510162,12.35982544,211.3664621,11676.0991,682.7693726,1.101994253,170.0121409,1.114169791,3.541805999,2.363422743,0.77552638,159.0290681,65.21897524,113.8208141,198.2134005,34.77444602,67.75960238,37.80370914,0.58308494,5.3919691,0.17430304,938821000,527733000,216219040,82470820,11632400,NA,"China","EAP","Middle income","IBRD",NA,"East Asia & Pacific_MLIC"
"51","COL","Colombia","Latin America and Caribbean","Latin America and Caribbean","South America","developing",99.81179345,2994.353803,726187.6786,137.4462779,58.43792639,1753.137792,520747.1319,112.2193917,374.3684943,11231.05483,608753.3333,614.9756787,258.9334626,7768.003878,328586.6667,788.0218185,237.0901439,99.81179345,374.3684943,7112.704316,667470.5059,376.2109783,158.6856945,58.43792639,258.9334626,4760.570835,424666.8993,450.1206051,50.63479967,1519.04399,256883.1662,197.1121752,1.269531838,38.08595513,9615.950566,132.0235404,245.8412328,7375.236983,1008146.667,243.8546304,37.99090257,1139.727077,178586.6667,212.7309013,148.2380162,50.63479967,245.8412328,4447.140487,632514.9164,220.4834028,19.6302172,1.269531838,37.99090257,588.9065161,94101.30862,172.3772209,3.509047621,105.2714286,540529.8031,6.491867056,1.746911961,52.40735883,456393.7463,3.827642195,8.79,263.7,0,0,6.38,191.4,0,0,6.149523811,3.509047621,8.79,184.4857143,540529.8031,6.491867056,4.06345598,1.746911961,6.38,121.9036794,456393.7463,3.827642195,0.64,19.2,150852.112,4.242565726,0.192,5.76,45255.6336,4.242565726,1.6181,48.543,41000,1183.97561,0,0,0,NA,1.7545,52.635,42700,1232.669789,0.9526,28.578,18600,1536.451613,2.504663349,75.13990047,1261.718,1985.121357,2.254197014,67.62591042,1135.5462,1985.121357,0.5069921,15.20976301,21604.777,704,0.15209763,4.562928902,6481.4331,704,241.2129072,103.9345568,378.4912576,160.9398915,60.69212341,261.1876596,6.789523811,4.149047621,9.43,4.25545598,1.938911961,6.572,150.4995083,52.89629177,248.1027249,20.73491483,2.374229468,39.0956002,398.5019394,160.9798962,636.0239825,185.9302623,65.00526484,306.8552598,2.411311,75.039107,19535350.93,0.123433206,1.601797,32.942335,18539926,0.086397163,0.155239,4.730776,4699292.845,0.033034545,0.045927787,1.403160911,167496.6826,0.274201171,0.71,21.3,597255,35.66315895,0.426,12.78,358353,35.66315895,1.320997006,41.15103999,467063.397,88.10589794,1.010932003,32.80365999,266698.0095,122.9992682,1.015498503,0.71,1.320997006,31.22551999,532159.1985,61.88452845,0.718466002,0.426,1.010932003,22.79183,312525.5048,79.33121355,3.56231269,106.8693807,9892000,10.80361714,3.206081421,96.18244264,8902800,10.80361714,0.181527297,5.779726395,934082.5055,6.187597306,0.087088443,2.753284291,360258.4314,7.642525616,1.871919994,0.181527297,3.56231269,56.32455355,5413041.253,8.495607221,1.646584932,0.087088443,3.206081421,49.46786347,4631529.216,9.223071376,5.228037549,156.8411265,3997948.753,39.23039943,4.705233794,141.1570138,3598153.878,39.23039943,19.2240476,576.7214279,17715873.91,32.55393614,11.53442856,346.0328568,10629524.35,32.55393614,24.27751553,728.3254659,18167868.01,40.08865902,4.855503105,145.6650932,3633573.603,40.08865901,11.63429098,349.0287294,2297503.334,151.9165279,8.762892878,262.8867863,1507481.638,174.3880521,5.453968497,3.458077297,7.449859697,4.01277572,2.16081323,5.864738211,60.36389166,60.36389166,60.36389166,29.85805834,29.85805834,29.85805834,65.81786015,63.82196895,67.81375135,33.87083406,32.01887157,35.72279655,1.85921029,55.7763087,898270.5347,62.09299598,"0",0,0,NA,8.074345042,242.2303513,4.168326616,125.0497985,21.24625218,637.3875654,13.20566463,396.1699388,1.8,54,0.54,16.2,29.32059722,29.32059722,29.32059722,17.37399124,17.37399124,17.37399124,493.6403967,254.1224624,733.1583311,237.1750876,114.3981276,359.9520476,14809.2119,7115.252629,4.449214932,2.290423275,6.608006589,2.137675418,1.031078212,3.244272624,108.378003,173.6257958,218.8406143,136.6012962,25.37458141,2.526573194,61.36806707,3.611889816,0.187399598,0.06294159,29.43172996,1.40273098,2.3150063,3.75320898,2.3394506,10.31178968,0.30958338,0.1334773,0.08039024,1.12392878,110950000,49492000,59540480,427400,0,NA,"Colombia","LCR","Middle income","IBRD",NA,"Latin America & Caribbean"
"104","IDN","Indonesia","Asia and developing Pacific","South-East Asia and developing Pacific","South-East Asia","developing",159.5011377,4785.034131,1779264.746,89.64440961,119.7312907,3591.938721,1355312.058,88.34223085,1036.35821,31090.7463,1430580,724.4321953,748.5335784,22456.00735,839643.3333,891.4899323,597.9296738,159.5011377,1036.35821,17937.89021,1604922.373,407.0383025,434.1324345,119.7312907,748.5335784,13023.97304,1097477.696,489.9160816,364.5819908,10937.45972,2783497.388,130.9798214,53.92744757,1617.823427,374437.7727,144.0224558,297.8930315,8936.790945,1284173.333,231.9726035,66.6778773,2000.336319,336960,197.88069,331.2375111,297.8930315,364.5819908,9937.125334,2033835.361,181.4762125,60.30266243,53.92744757,66.6778773,1809.079873,355698.8864,170.9515729,46.067257,1382.01771,2448614.761,18.81359932,23.56072004,706.8216011,2369849.156,9.941864855,246.02,7380.6,0,0,187.49,5624.7,0,0,146.0436285,46.067257,246.02,4381.308855,2448614.761,18.81359932,105.52536,23.56072004,187.49,3165.760801,2369849.156,9.941864855,0.04,1.2,7955.12084,5.028207717,0.012,0.36,2386.536252,5.028207717,54.9218,1647.654,1144000,1440.256993,37.841,1135.23,872600,1300.9741,607.433,18222.99,12490000,1459.006405,337.7155,10131.465,7116700,1423.618391,24.29155967,728.74679,11018.5295,2204.60994,21.8624037,655.872111,9916.67655,2204.60994,4.379141375,131.3742413,186611.1382,704,1.313742413,39.41227238,55983.34145,704,677.1430335,238.7144974,1115.57157,493.8358382,179.4346944,808.2369821,146.0836285,46.107257,246.06,105.53736,23.57272004,187.502,943.0496525,909.7051729,976.3941322,399.3319048,392.95669,405.7071197,1766.276315,1194.526927,2338.025702,998.7051031,595.9641044,1401.446102,2.060722,65.706379,12979079.58,0.158772584,1.413103,37.364614,12979079.58,0.10887544,0.777005,23.997617,844821.0942,0.919727272,0.727635954,22.45120762,637784.6348,1.140880345,21.56,646.8,15788000,40.96782366,12.936,388.08,9472800,40.96782366,30.0392004,919.4041766,12859988.23,71.49339176,27.70056402,850.3744011,9218057.507,92.25093252,25.7996002,21.56,30.0392004,783.1020883,14323994.12,56.23060771,20.31828201,12.936,27.70056402,619.2272005,9345428.754,66.60937809,4.934022542,148.0206763,51300000,2.885393299,4.440620288,133.2186086,46170000,2.885393299,0.303613998,9.280891388,4128284.543,2.24812299,0.259780587,7.907021899,2596409.286,3.045368055,2.61881827,0.303613998,4.934022542,78.65078382,27714142.27,2.566758145,2.350200437,0.259780587,4.440620288,70.56281527,24383204.64,2.965380677,6.859000141,205.7700042,14033719.98,14.66254169,6.173100127,185.1930038,12630347.98,14.66254169,0.834115852,25.02347555,474739.0939,52.70995348,0.500469511,15.01408533,284843.4564,52.70995348,20.3209696,609.629088,14019657.43,43.48387906,4.06419392,121.9258176,2803931.485,43.48387906,110.8118242,3324.354726,29283903.22,113.521572,84.78202206,2543.460662,22380165.18,113.6479843,31.25614547,24.701341,37.81094994,24.8092214,15.33651954,34.28192326,138.8259098,138.8259098,138.8259098,95.51978562,95.51978562,95.51978562,170.0820553,163.5272508,176.6368597,120.329007,110.8563052,129.8017089,48.92394826,1467.718448,4717696.629,311.1091202,"10.5115517",315.3465511,1013620.401,311.1091202,11.33617187,340.0851561,6.56245561,196.8736683,29.82918924,894.8756773,20.79049841,623.7149524,27.42,822.6,8.226,246.78,41.16536111,41.16536111,41.16536111,27.35295402,27.35295402,27.35295402,1977.523731,1399.219539,2555.827923,1146.387064,734.1733636,1558.600765,59325.71193,34391.61192,10.53264298,7.452492034,13.61279392,6.105861321,3.910337864,8.301384778,76.08413307,119.0915275,1506.736054,962.6100933,558.263502,30.15355679,78.53369293,11.41370039,1.408497767,0.019899263,20.57962408,5.50532729,64.55138446,18.63472136,4.88143104,11.11464932,6.34069046,36.0281031,0.737742665,0.150219505,187751900,62300000,93344270,4615430,46024000,NA,"Indonesia","EAP","Middle income","IBRD",NA,"East Asia & Pacific_MLIC"
"106","IND","India","Asia and developing Pacific","Southern Asia","India & Sri Lanka","developing",137.1352526,4114.057579,820525.754,167.1309547,1.963846256,58.91538769,35870.11869,54.74880842,100.3094288,3009.282864,323003.3333,310.5523022,38.8918831,1166.756493,98546.66667,394.6544761,118.7223407,100.3094288,137.1352526,3561.670222,571764.5437,238.8416285,20.42786468,1.963846256,38.8918831,612.8359403,67208.39268,224.7016422,145.5870927,4367.61278,538649.2372,270.2818135,38.21774528,1146.532358,454130.0675,84.15594565,510.1554264,15304.66279,2712560,188.0715731,39.0743072,1172.229216,216456.6667,180.5179198,327.8712596,145.5870927,510.1554264,9836.137787,1625604.619,229.1766933,38.64602624,38.21774528,39.0743072,1159.380787,335293.3671,132.3369327,170.0833242,5102.499727,3172135.221,53.61793,54.46299402,1633.889821,2475074.842,22.00458471,11.79,353.7,0,0,8.54,256.2,0,0,90.93666211,11.79,170.0833242,2728.099863,3172135.221,53.61793,31.50149701,8.54,54.46299402,945.0449103,2475074.842,22.00458471,0,0,6433.12819,0,0,0,1929.938457,0,0,0,0,NA,0,0,0,NA,0,0,0,NA,0,0,0,NA,1.198370751,35.95112253,1053.259,1137.774043,1.078533676,32.35601028,947.9331,1137.774043,0.357651668,10.72955004,15240.83812,704,0.1072955,3.218865011,4572.251436,704,119.9207115,101.5077996,138.3336234,21.50639835,3.042379932,39.97041678,90.93666211,11.79,170.0833242,31.50149701,8.54,54.46299402,328.2289112,145.9447443,510.5130781,38.75332174,38.32504078,39.1816027,539.0862848,259.2425439,818.9300257,91.7612171,49.90742071,133.6150135,18.878326,588.071393,108343424.5,0.17424524,9.881471,170.397548,108343424.5,0.091205083,0.404577,12.519597,33760022.71,0.011983908,0.01083817,0.340714196,102994.9712,0.105230089,69.66,2089.8,43789000,47.72431433,41.796,1253.88,26273400,47.72431433,38.2272095,1160.707247,39724128.89,29.2191995,28.29376365,831.4992899,25839002.65,32.18000714,53.94360475,38.2272095,69.66,1625.253623,41756564.45,38.47175691,35.04488182,28.29376365,41.796,1042.689645,26056201.33,39.95216073,89.50878561,2685.263568,169416000,15.85011787,80.55790705,2416.737211,152474400,15.85011787,5.783015526,196.2088917,56403340.15,3.478675043,3.789668924,133.5945029,25537118.16,5.231385234,47.64590057,5.783015526,89.50878561,1440.73623,112909670.1,9.664396454,42.17378799,3.789668924,80.55790705,1275.165857,89005759.08,10.54075155,132.9232073,3987.69622,147031484.1,27.12137638,119.6308866,3588.926598,132328335.7,27.12137638,19.81164649,594.3493946,11608404.7,51.19992022,11.88698789,356.6096367,6965042.821,51.19992022,630.1399133,18904.1974,179174580.5,105.5071392,126.0279827,3780.839481,35834916.09,105.5071392,217.6543543,6529.630629,134629622.5,48.50069776,165.6205238,4968.615714,95074432.46,52.26027214,120.8724083,63.29312803,178.4516886,87.11097898,41.97574174,132.2462162,1000.529121,1000.529121,1000.529121,423.166381,423.166381,423.166381,1121.40153,1063.822249,1178.98081,510.27736,465.1421227,555.4125972,165.3115927,4959.347782,26649542.47,186.0950441,"26.385596",791.56788,4253567.76,186.0950441,21.61468947,648.4406841,17.21545826,516.4637477,56.87534294,1706.260288,54.54024817,1636.207445,53.88,1616.4,16.164,484.92,78.49003241,78.49003241,78.49003241,71.75570643,71.75570643,71.75570643,1738.977847,1401.554826,2076.400868,673.7942835,586.8052499,760.7833171,52169.33541,20213.8285,5.848862155,4.713976657,6.983747652,2.266233519,1.9736554,2.558811637,21.99316614,107.835334,3063.652951,624.8362746,0.488567133,50.09073749,2.043669417,1.267961759,0.379391175,0.109851424,286.9805734,21.53047362,96.9233753,109.4284004,15.39878884,65.54017196,25.08798628,0.76652704,2.86518962,0.31478812,297319000,179674000,71627200,13170570,15701000,NA,"India","SAR","Middle income","IBRD",NA,"South Asia"
"118","KAZ","Kazakhstan","Eastern Europe and West-Central Asia","Eurasia","Eurasia","developing",0,0,0,NA,0,0,0,NA,0,0,0,NA,0,0,0,NA,0,0,0,0,0,NA,0,0,0,0,0,NA,1.100525512,33.01576537,28917.58615,38.05730903,0.682988284,20.48964851,12628.0338,54.08508518,0,0,0,NA,0,0,0,NA,1.100525512,1.100525512,1.100525512,33.01576537,28917.58615,38.05730903,0.682988284,0.682988284,0.682988284,20.48964851,12628.0338,54.08508518,1.915715165,57.47145494,110939.2287,17.26814931,1.529164771,45.87494313,96698.20073,15.81378722,0.748227068,22.44681203,0,0,0.448936241,13.46808722,0,0,1.331971116,0.748227068,1.915715165,39.95913349,110939.2287,17.26814931,0.989050506,0.448936241,1.529164771,29.67151518,96698.20073,15.81378722,0,0,0,NA,0,0,0,NA,0,0,0,NA,0,0,0,NA,0.033,0.99,1000,990,0,0,0,NA,NA,NA,0,NA,NA,NA,NA,NA,NA,NA,0,NA,NA,NA,NA,NA,0,0,0,0,0,0,1.331971116,0.748227068,1.915715165,0.989050506,0.448936241,1.529164771,1.133525512,1.133525512,1.133525512,0.682988284,0.682988284,0.682988284,2.465496629,1.88175258,3.049240677,1.672038789,1.131924524,2.212153055,0.141414,4.450266,693800.326,0.203825214,0.125904,2.086387,608959.2234,0.20675276,0.013988,0.425733,73180.42928,0.191144,0.004247639,0.129253719,20908.69408,0.203151809,0.16,4.8,104500,45.93301435,0.096,2.88,62700,45.93301435,0.083535,2.557849007,109169.237,23.43012626,0.051499999,1.617578,70180.22359,23.04891489,0.1217675,0.083535,0.16,3.678924504,106834.6185,34.68157031,0.07375,0.051499999,0.096,2.248789,66440.1118,34.49096462,0,0,0,NA,0,0,0,NA,0.089734705,2.814133538,7646808.352,0.368014132,0.027204134,0.889333903,705191.1004,1.261124684,0.089734705,0.089734705,0.089734705,2.814133538,7646808.352,0.368014132,0.027204134,0.027204134,0.027204134,0.889333903,705191.1004,1.261124684,20.16255667,604.8767,49283302.15,12.27346126,18.146301,544.38903,44354971.94,12.27346126,39.01631807,1170.489542,48441380.41,24.16300964,23.40979084,702.2937252,29064828.25,24.16300964,466.6416742,13999.25023,232393888.9,60.23932167,93.32833485,2799.850046,46478777.78,60.23932167,9.3386122,280.158366,15531534.48,18.03803523,7.028715712,210.8614714,11869520.06,17.76495346,0.366904205,0.328671705,0.405136705,0.231105773,0.208855772,0.253355773,535.1591611,535.1591611,535.1591611,141.9131424,141.9131424,141.9131424,535.5260653,535.4878328,535.5642978,142.1442482,142.1219982,142.1664982,0.213397803,6.401934088,409799.249,15.62212255,"0",0,0,NA,5.760206128,172.8061838,2.856747362,85.70242086,15.15699309,454.7097926,9.050453829,271.5136149,0,0,0,0,20.91719922,20.91719922,20.91719922,11.90720119,11.90720119,11.90720119,558.9087612,558.2867846,559.5307377,155.7234882,155.1611239,156.2858524,16767.26284,4671.704645,2.070262478,2.067958605,2.072566351,0.576817751,0.574734689,0.578900813,54.27438884,763.3528093,286.918916,20.39993647,0,0.105136982,0.000679678,0.150050697,5.34e-05,0.016902164,9.94780178,1.378780775,0.44521976,0.53056134,1.12900316,3.30939736,1.68013684,0,0.29636373,1.6427103,269970000,216036500,3396201.2,420790,0,NA,"Kazakhstan","ECA","Middle income","IBRD",NA,"Europe & Central Asia_MLIC"
"144","MEX","Mexico","Latin America and Caribbean","Latin America and Caribbean","Meso America","developing",29.8851323,896.5539691,218836.4317,136.5637891,8.244018309,247.3205493,143457.1632,57.46675959,172.4138102,5172.414305,480690,358.6798356,81.671718,2450.15154,173123.3333,471.7545372,101.1494712,29.8851323,172.4138102,3034.484137,349763.2158,247.6218123,44.95786815,8.244018309,81.671718,1348.736045,158290.2483,264.6106484,40.74708525,1222.412558,213378.5472,190.9614897,10.41167768,312.3503304,133364.2787,78.06946341,318.039982,9541.199459,1275270,249.390311,40.47161643,1214.148493,190910,211.9931718,179.3935336,40.74708525,318.039982,5381.806008,744324.2736,220.1759004,25.44164706,10.41167768,40.47161643,763.2494117,162137.1394,145.0313176,23.42131858,702.6395574,441992.9535,52.99025333,20.86302679,625.8908038,474559.696,43.96291334,18.38,551.4,0,0,13.31,399.3,0,0,20.90065929,18.38,23.42131858,627.0197787,441992.9535,52.99025333,17.0865134,13.31,20.86302679,512.5954019,474559.696,43.96291334,0,0,3988.96172,0,0,0,1196.688516,0,0.1193,3.579,2700,1325.555556,0,0,0,NA,5.45,163.5,100000,1635,2.3217,69.651,60500,1151.256198,7.756516756,232.6955027,8119.5105,955.2936419,6.980865081,209.4259524,7307.55945,955.2936419,3.414506486,102.4351946,145504.5377,704,1.024351946,30.73055837,43651.36132,704,109.025288,37.76094906,180.2896269,51.93873324,15.22488339,88.65258308,20.90065929,18.38,23.42131858,17.0865134,13.31,20.86302679,188.2580401,49.61159174,326.9044885,28.787699,13.75772962,43.81766838,318.1839874,105.7525408,530.615434,97.81294563,42.29261301,153.3332783,2.501506,78.039967,23252339.09,0.107580833,1.332266,26.070549,22131985.47,0.060196407,0.192744,5.790938,2504468.881,0.07696003,0.051130041,1.535831189,233718.6515,0.218767481,0.26,7.8,41560,187.680462,0.156,4.68,24936,187.680462,0.798607991,24.48527295,161604.109,151.5139256,0.771172992,23.25750394,153123.2743,151.8874518,0.529303996,0.26,0.798607991,16.14263648,101582.0545,169.5971938,0.463586496,0.156,0.771172992,13.96875197,89029.63714,169.7839569,3.94996838,118.4990514,26612000,4.452842755,3.554971542,106.6491462,23950800,4.452842755,0.864641903,28.06154629,9272937.664,3.026176526,0.167807151,8.245794995,3153568.878,2.614750244,2.407305141,0.864641903,3.94996838,73.28029884,17942468.83,3.73950964,1.861389346,0.167807151,3.554971542,57.44747062,13552184.44,3.533796499,7.981997327,239.4599198,13697141.47,17.48247401,7.183797594,215.5139278,12327427.33,17.48247401,41.53115417,1245.934625,41858393.15,29.76546712,24.9186925,747.5607751,25115035.89,29.76546712,74.12142549,2223.642765,72053133.31,30.86115291,14.8242851,444.728553,14410626.66,30.86115291,38.4743326,1154.229978,12263161,94.12173401,29.23766778,877.1300335,8447734.211,103.8302119,5.630859137,3.818891903,7.442826371,3.708371883,1.707203192,5.709540574,162.1089096,162.1089096,162.1089096,76.16444298,76.16444298,76.16444298,167.7397687,165.9278015,169.551736,79.87281486,77.87164617,81.87398355,58.95297004,1768.589101,22881050.51,77.2949258,"26.60116109",798.0348328,10324543.62,77.2949258,20.79354849,623.8064547,10.66806302,320.0418907,54.71465148,1641.439544,33.7974625,1013.923875,4.8,144,1.44,43.2,75.50819997,75.50819997,75.50819997,44.46552553,44.46552553,44.46552553,561.4319561,347.1885423,775.6753699,222.151286,164.6297847,279.6727873,16842.95868,6664.538581,2.888098748,1.785995228,3.990202268,1.142782921,0.846882814,1.438683029,37.20685811,214.5131738,597.0708017,103.5606728,6.722892001,3.025426726,44.15216811,1.333397655,0.16032584,2.597919776,45.48551062,2.65133551,0.0951729,8.46932624,3.27934418,20.56491472,2.17769096,0,0.47292476,0.354412885,194395000,106891000,65947610,93770,33056000,NA,"Mexico","LCR","Middle income","IBRD",NA,"Latin America & Caribbean"
"149","MMR","Myanmar","Asia and developing Pacific","South-East Asia and developing Pacific","South-East Asia","ldc",56.94628295,1708.388489,635246.3383,89.64440961,42.74735627,1282.420688,483883.5951,88.34223085,166.0142739,4980.428217,322893.3333,514.1458704,94.4821971,2834.465913,159486.6667,592.4143947,111.4802784,56.94628295,166.0142739,3344.408353,479069.8358,301.89514,68.61477668,42.74735627,94.4821971,2058.443301,321685.1309,340.3783128,130.165775,3904.973251,993784.9484,130.9798214,19.25357858,577.6073574,133684.5597,144.0224558,151.4265364,4542.796092,634826.6667,238.5320976,25.78484553,773.545366,134530,191.6661379,140.7961557,130.165775,151.4265364,4223.884672,814305.8075,184.7559595,22.51921206,19.25357858,25.78484553,675.5763617,134107.2798,167.8442968,2.073638628,62.20915883,874222.6611,2.371979954,1.273117328,38.19351984,846101.1787,1.504686863,25.58,767.4,0,0,19.49,584.7,0,0,13.82681931,2.073638628,25.58,414.8045794,874222.6611,2.371979954,10.38155866,1.273117328,19.49,311.4467599,846101.1787,1.504686863,0,0,0,NA,0,0,0,NA,0,0,0,NA,0,0,0,NA,9.1175,273.525,170000,1608.970588,5.5063,165.189,106300,1553.988711,3.18742472,95.62274159,2860.144,1114.428057,2.868682248,86.06046743,2574.1296,1114.428057,1.022467401,30.67402204,43571.05403,704,0.30674022,9.202206611,13071.31621,704,114.6677031,60.13370767,169.2016986,71.48345893,45.61603852,97.35087935,13.82681931,2.073638628,25.58,10.38155866,1.273117328,19.49,150.9361231,140.3057424,161.5665038,28.33225228,25.0666188,31.59788575,279.4306456,202.5130887,356.3482024,110.1972699,71.95577464,148.4387651,1.49192,50.876603,12092562.91,0.123375004,0.796494,17.622041,12092562.91,0.065866434,1.00041,30.802513,2492214.949,0.401414011,0.667329298,21.57921275,1319482.088,0.505750934,13.03,390.9,6745375,57.95081815,7.818,234.54,4047225,57.95081815,10.40740206,313.3129501,8088802.139,38.73415924,9.111188074,275.5217162,5767157.025,47.77426989,11.71870103,10.40740206,13.03,352.1064751,7417088.57,48.3424887,8.464594037,7.818,9.111188074,255.0308581,4907191.013,52.86254402,0,0,0,NA,0,0,0,NA,0.530138825,16.15408409,2116462.66,7.632586385,0.441230945,13.52011159,1402408.951,9.640634127,0.530138825,0.530138825,0.530138825,16.15408409,2116462.66,7.632586385,0.441230945,0.441230945,0.441230945,13.52011159,1402408.951,9.640634127,7.923199404,237.6959821,9410671.207,25.2581327,7.130879464,213.9263839,8469604.086,25.2581327,17.72921564,531.8764692,8872287.686,59.9480639,10.63752938,319.1258815,5323372.612,59.9480639,37.89773002,1136.931901,13216998.77,86.02042872,7.579546005,227.3863802,2643399.754,86.02042874,34.80883401,1044.26502,11194738.01,93.28177396,22.8384885,685.1546551,6597978.611,103.8431155,14.74116986,13.42987089,16.05246883,10.36964828,9.723054243,11.01624232,98.35897907,98.35897907,98.35897907,48.18644336,48.18644336,48.18644336,113.1001489,111.78885,114.4114479,58.55609164,57.9094976,59.20268567,92.50913566,2775.27407,14864007.69,186.7110222,"21.9942355",659.827065,3533948.115,186.7110222,6.098208069,182.9462421,3.11601326,93.48039779,16.04638714,481.3916143,9.871833439,296.1550032,6.24,187.2,1.872,56.16,22.14459521,22.14459521,22.14459521,12.9878467,12.9878467,12.9878467,414.6753897,336.4465339,492.9042455,181.7412082,142.8531189,220.6292975,12440.26169,5452.236246,6.352355118,5.153978062,7.550732173,2.784068509,2.188347232,3.379789787,114.0285033,150.3288078,159.3822623,120.8957956,42.77459218,49.59718051,30.78760093,1.598738404,0.168067562,0,22.56819224,6.103363425,22.3881559,1.33825574,2.92354958,6.01337696,2.43940512,2.17368286,0.256523355,0.883827445,65279000,12889000,29123310,427090,3192000,NA,"Myanmar","EAP","Middle income","IDA",NA,"East Asia & Pacific_MLIC"
"177","PER","Peru","Latin America and Caribbean","Latin America and Caribbean","South America","developing",112.2186568,3366.559705,816454.6802,137.4462779,65.70191139,1971.057342,585477.3437,112.2193917,321.4793383,9644.380148,355793.3333,903.5563855,265.1504446,7954.513339,238350,1112.441555,216.8489976,112.2186568,321.4793383,6505.469927,586124.0068,520.5013317,165.426178,65.70191139,265.1504446,4962.78534,411913.6718,612.3304734,56.92883588,1707.865077,288814.4064,197.1121752,1.42733792,42.8201376,10811.23803,132.0235404,174.9772104,5249.316311,858886.6667,203.7256103,19.75306497,592.591949,109056.6667,181.1266158,115.9530231,56.92883588,174.9772104,3478.590694,573850.5365,200.4188928,10.59020144,1.42733792,19.75306497,317.7060433,59933.95235,156.5750781,5.798992265,173.969768,607719.0519,9.542225552,2.026426511,60.79279533,513124.6662,3.949189436,2.15,64.5,0,0,1.56,46.8,0,0,3.974496133,2.15,5.798992265,119.234884,607719.0519,9.542225552,1.793213255,1.56,2.026426511,53.79639766,513124.6662,3.949189436,0,0,0,NA,0,0,0,NA,12.4831,374.493,306500,1221.836868,0.0038,0.114,100,1140,0.9636,28.908,18500,1562.594595,0.8101,24.303,15300,1588.431373,NA,NA,0,NA,NA,NA,NA,NA,NA,NA,0,NA,NA,NA,NA,NA,229.3320976,124.7017568,333.9624383,165.429978,65.70571139,265.1542446,3.974496133,2.15,5.798992265,1.793213255,1.56,2.026426511,116.9166231,57.89243588,175.9408104,11.40030144,2.23743792,20.56316497,350.2232168,184.7441927,515.7022409,178.6234927,69.50314931,287.7438361,0.80669,25.246408,5438014.758,0.148342738,0.721158,12.729147,5160558.335,0.139744181,0.027102,0.84153,939504.039,0.028847135,0.003285093,0.101912784,29148.03519,0.112703739,0.62,18.6,422434,44.03054678,0.372,11.16,253460.4,44.03054678,0.59829299,18.28607503,372420.831,49.10056986,0.170968996,5.218394037,81415.17385,64.09608664,0.609146495,0.59829299,0.62,18.44303752,397427.4155,46.56555832,0.271484498,0.170968996,0.372,8.189197018,167437.7869,54.06331671,0.961798432,28.85395295,4808700,6.000364538,0.865618589,25.96855766,4327830,6.000364538,0.04046737,1.272892462,668419.4808,1.904331784,0.00801342,0.231432714,244263.1975,0.947472711,0.501132901,0.04046737,0.961798432,15.06342271,2738559.74,3.952348161,0.436816004,0.00801342,0.865618589,13.09999519,2286046.599,3.473918625,0.775602459,23.26807378,1592545.811,14.61061504,0.698042213,20.9412664,1433291.23,14.61061504,19.05471821,571.6415463,22594346.81,25.30020235,11.43283093,342.9849278,13556608.09,25.30020235,10.0101357,300.304071,11503613.82,26.10519405,2.00202714,60.0608142,2300722.764,26.10519405,6.469636381,194.0890914,1458960.985,133.0324069,4.738474105,142.1542231,861111.1542,165.0823154,1.944071396,1.47255236,2.415590432,1.432743594,0.903425508,1.962061681,36.31009275,36.31009275,36.31009275,18.87137438,18.87137438,18.87137438,38.25416415,37.78264511,38.72568318,20.30411798,19.77479989,20.83343607,8.264240891,247.9272267,3597036.848,68.92540644,"2.302039406",69.06118219,1001969.894,68.92540644,2.625308961,78.75926884,1.491397182,44.74191545,6.908049625,207.2414888,4.724891502,141.7467451,1.2,36,0.36,10.8,9.533358587,9.533358587,9.533358587,6.216288684,6.216288684,6.216288684,398.0107395,232.0601964,563.9612827,205.1438994,95.49423788,314.7935609,11940.32219,6154.316981,3.109458903,1.812970285,4.405947521,1.602686714,0.746048733,2.459324694,114.8381058,166.3286786,178.6374809,123.3364571,23.30045021,0.390078649,74.52380385,5.316806761,0,0.006252195,12.38208696,0.66048076,1.99397206,1.81290068,0.79087774,5.06658056,0.38236236,0.0170383,0.04797871,0.026279995,1.28e+08,23608700,72676040,1076000,65790000,NA,"Peru","LCR","Middle income","IBRD",NA,"Latin America & Caribbean"
"191","RUS","Russian Federation","Eastern Europe and West-Central Asia","Eurasia","Eurasia","developed",0,0,0,NA,0,0,0,NA,0,0,0,NA,0,0,0,NA,0,0,0,0,0,NA,0,0,0,0,0,NA,142.383059,4271.491771,7327642.857,19.4309496,17.33005615,519.9016844,959059.5238,18.06984417,0,0,0,NA,0,0,0,NA,142.383059,142.383059,142.383059,4271.491771,7327642.857,19.4309496,17.33005615,17.33005615,17.33005615,519.9016844,959059.5238,18.06984417,146.5661335,4396.984004,9597619.048,15.27109304,42.92408031,1287.722409,6961523.81,6.165902967,245.0537861,7351.613583,0,0,147.0322717,4410.96815,0,0,195.8099598,146.5661335,245.0537861,5874.298794,9597619.048,15.27109304,94.97817599,42.92408031,147.0322717,2849.34528,6961523.81,6.165902967,0,0,0,NA,0,0,0,NA,0,0,0,NA,0,0,0,NA,136.9384,4108.152,9060000,453.4384106,103.2553,3097.659,4352900,711.6310965,NA,NA,0,NA,NA,NA,NA,NA,NA,NA,0,NA,NA,NA,NA,NA,0,0,0,0,0,0,195.8099598,146.5661335,245.0537861,94.97817599,42.92408031,147.0322717,279.321459,279.321459,279.321459,120.5853561,120.5853561,120.5853561,475.1314188,425.8875925,524.3752451,215.5635321,163.5094365,267.6176278,0.522375,16.057393,2739073.741,0.190712281,0.491975,8.444472,2554224.429,0.192612284,0.545941,16.497429,2683386.366,0.203452252,0.165735262,5.008156689,766681.8188,0.216172157,0.33,9.9,185649,53.3264386,0.198,5.94,111389.4,53.3264386,0.151505,4.596426991,226744.653,20.27137985,0.039683,1.215465996,57521.58711,21.13060605,0.2407525,0.151505,0.33,7.248213495,206196.8265,36.79890923,0.1188415,0.039683,0.198,3.577732998,84455.49355,37.22852232,0,0,0,NA,0,0,0,NA,0.475541953,14.41344609,24186345.75,0.595933186,0.065054205,2.035386111,9482494.249,0.214646701,0.475541953,0.475541953,0.475541953,14.41344609,24186345.75,0.595933186,0.065054205,0.065054205,0.065054205,2.035386111,9482494.249,0.214646701,82.366212,2470.98636,148438603.4,16.64652122,74.1295908,2223.887724,133594743,16.64652122,53.93210319,1617.963096,40718283.34,39.73554294,32.35926191,970.7778574,24430970,39.73554294,248.7275821,7461.827463,173257032.4,43.06796302,49.74551642,1492.365493,34651406.48,43.06796302,54.67704735,1640.311421,50821224.15,32.27610999,42.70921668,1281.2765,38940331.22,32.90358506,1.784610453,1.695362953,1.873857953,0.841605967,0.762447467,0.920764467,439.7029446,439.7029446,439.7029446,198.9435858,198.9435858,198.9435858,441.4875551,441.3983076,441.5768026,199.7851918,199.7060333,199.8643503,22.32735357,669.820607,21866941.07,30.63165556,"0.63733002",19.11990059,624187.6331,30.63165556,24.83672965,745.1018894,12.42590187,372.777056,65.35358826,1960.607648,39.36646713,1180.994014,0,0,0,0,90.1903179,90.1903179,90.1903179,51.79236899,51.79236899,51.79236899,1006.809292,957.476218,1056.142366,467.1410929,415.0078387,519.2743471,30204.27875,14014.23279,0.614775163,0.584651535,0.644898791,0.285244429,0.253410962,0.317077895,25.31676602,520.479773,1845.184699,89.75201672,0,235.3817864,0.021319484,39.60544122,0.360924453,415.9899064,35.0394595,8.38147482,1.14413746,8.49755282,8.05924182,4.96048992,8.7452039,7.1391871,0.76202276,2.04867149,1637687000,215494000,815311600,18880100,272717600,NA,"Russian Federation","ECA","Middle income","IBRD",NA,"Europe & Central Asia_MLIC"
"237","USA","United States","Developed Countries","North America","USA & Canada","developed",0,0,0,NA,0,0,0,NA,0,0,0,NA,0,0,0,NA,0,0,0,0,0,NA,0,0,0,0,0,NA,1272.781282,38183.43845,4816857.143,264.2347996,152.4149777,4572.449332,680886.9048,223.8477149,0,0,0,NA,0,0,0,NA,1272.781282,1272.781282,1272.781282,38183.43845,4816857.143,264.2347996,152.4149777,152.4149777,152.4149777,4572.449332,680886.9048,223.8477149,127.3484907,3820.454722,5476904.762,23.25190893,39.7758881,1193.276643,3575547.619,11.12441851,65.72269753,1971.680926,0,0,39.43361852,1183.008556,0,0,96.53559412,65.72269753,127.3484907,2896.067824,5476904.762,23.25190893,39.60475331,39.43361852,39.7758881,1188.142599,3575547.619,11.12441851,0,0,29991.4994,0,0,0,8997.44982,0,0,0,0,NA,0,0,0,NA,13.603,408.09,1051600,388.0658045,0.198,5.94,8500,698.8235294,2.031055512,60.93166537,1352.146,1502.097785,1.827949961,54.83849883,1216.9314,1502.097785,0.532420504,15.97261513,22688.37376,704,0.159726151,4.791784538,6806.512128,704,2.031055512,2.031055512,2.031055512,1.827949961,1.827949961,1.827949961,96.53559412,65.72269753,127.3484907,39.60475331,39.43361852,39.7758881,1286.916702,1286.916702,1286.916702,152.7727039,152.7727039,152.7727039,1385.483352,1354.670455,1416.296249,194.2054072,194.0342724,194.3765419,27.527516,843.042682,157228098.7,0.17508013,10.232081,177.114565,108227995.9,0.094541906,50.947572,1545.279174,42266602.95,1.205386013,50.94757776,1545.279117,42266602.95,1.205386149,2.35,70.5,960730,73.38169933,1.41,42.3,576438,73.38169933,3.785072971,115.0976993,1404708.668,81.9370606,3.116738986,90.60539623,1107436.524,81.81543074,3.067536486,2.35,3.785072971,92.79884963,1182719.334,77.65937997,2.263369493,1.41,3.116738986,66.45269811,841937.262,77.59856504,14.58434631,437.5303894,160436800,2.727119897,13.12591168,393.7773505,144393120,2.727119897,7.747884035,236.3969488,65440086.84,3.612418017,4.909256979,145.6505589,29597723.56,4.921005449,11.16611517,7.747884035,14.58434631,336.9636691,112938443.4,3.169768957,9.017584331,4.909256979,13.12591168,269.7139547,86995421.78,3.824062673,71.85552633,2155.66579,102627295.6,21.00479971,64.66997369,1940.099211,92364566.06,21.00479971,243.5401728,7306.205184,297769084.7,24.53647997,146.1241037,4383.723111,178661450.8,24.53647997,381.3215678,11439.64703,348420208,32.83290341,76.26431357,2287.929407,69684041.59,32.83290341,327.3260925,9819.782775,95371477.71,102.9635171,259.7761982,7793.285946,75127977.37,103.7334721,92.70873966,88.57297204,96.84450728,72.46061259,67.49891574,77.42230943,1024.043359,1024.043359,1024.043359,546.8345892,546.8345892,546.8345892,1116.752099,1112.616331,1120.887867,619.2952017,614.3335049,624.2568986,610.4300677,18312.90203,123962696.8,147.7291355,"15.4793206",464.3796179,3143453.161,147.7291355,67.28284563,2018.485369,34.44082798,1033.22484,177.0432522,5311.297566,109.1118969,3273.356906,0,0,0,0,244.3260978,244.3260978,244.3260978,143.5527248,143.5527248,143.5527248,2746.561549,2711.612885,2781.510213,957.0533337,951.9205021,962.1861654,82396.84647,28711.60001,3.002553232,2.964347198,3.040759267,1.046254937,1.040643703,1.051866171,17.18577053,238.2021195,5568.870666,401.7820394,8.312087421,461.9409545,0.805775001,13.65506115,17.3308911,59.01386452,122.8267448,32.92829508,8.0001369,76.73254384,16.66634212,38.8660769,31.11551756,8.24649076,2.47090631,0.80859387,914742000,405810353.8,309795000,27521000,75300000,NA,"United States","NAR","High income",NA,NA,"North America"
